Timestamp,Which of the following best describes you?,My teachers explain lessons clearly.,My classrooms are comfortable and conducive for learning., The curriculum is relevant and engaging.,  School fees are affordable for my family. ,  I have access to textbooks and learning materials ,  What challenges affect your education?, I am satisfied with the quality of education my child receives., Teachers are competent and committed.,  School fees are affordable.,  My child has access to adequate learning materials.,  What major challenges does your child’s school face?, What improvements would you like to see in your child’s school?, The curriculum I teach is effective and up-to-date., I receive adequate professional development and support.,Students have access to necessary learning materials., I have access to digital tools for teaching.,What challenges do you face as a teacher? ,What improvements would help you teach better?,  The school has sufficient qualified teachers., Our school facilities meet required standards.,  Funding is adequate for school operations., Students have access to learning resources.,What challenges does your school face? ,What support does your school need most? ,Gender, Age Range,  State of Residence, Location Type, Type of School You Attend / Work In,  What is the biggest problem facing the Nigerian education system today?  , What improvements would you recommend at the national level? 
1/17/2026 7:53:29,Teacher,,,,,,,,,,,,,5,3,5,5,Lack of materials,All materials should be on ground ,,,,,,,Female,25–34,Rivers,Urban,Private,Lack of materials and a conducive learning environment ,Provide all materials and give the students a conducive learning environment 
1/17/2026 8:08:06,Teacher,,,,,,,,,,,,,1,2,2,2,Lack of training,Focus,,,,,,,Male,35–44,Imo,Urban,Public,Funding,
1/17/2026 8:15:14,Parent/Guardian,,,,,,,3,3,Yes,4,Overcrowded classrooms,"Qualified teachers with the school's management commitment to ensure continuous training and retraining of teachers for a better productivity, quality education with updated scheme of work commensurate to world class standard, improved infrastructure like good ICT lab, science lab, space for recreational activities, a functional guidance/counselling department to meetup with the emotional and psychological needs of the students, functional school clubs that will help the kids discover themselves/their talents.",,,,,,,,,,,,,Female,45–54,Rivers,Urban,Mission School,"Lack of funds, quality of education is low, lack of qualified teachers, ",Adequate funding for education is key to improve education in Nigeria 
1/17/2026 8:19:17,Parent/Guardian,,,,,,,3,4,No,3,High fees,Good management with reduced fees,,,,,,,,,,,,,Male,45–54,Enugu,Urban,Mission School,Lack of coordination by the govt,Commitment and infrastructural and man-power improvement and remuneration 
1/17/2026 8:25:20,Parent/Guardian,,,,,,,5,4,No,4,High fees,Reduced school fees,,,,,,,,,,,,,Male,45–54,Enugu,Urban,Federal Government School,Negligence and incompetence on the side of the ministry of education,Put a competent person as minister who understands and can compare our school system with those in other growing nations
1/17/2026 8:32:15,Student,3,3,3,3,3,High school fees,,,,,,,,,,,,,,,,,,,Male,25–34,Lagos,Rural,Public,Infrastructure ,Infrastructure 
1/17/2026 8:32:59,Teacher,,,,,,,,,,,,,5,3,5,2,Inadequate pay,Teachers need to be motivated for better job delivery ,,,,,,,Male,45–54,Akwa ibom,Urban,Public,Government funding for research and development ,There should be Government intervention in the education sector for national development 
1/17/2026 8:40:37,Student,2,1,3,4,3,Poor classroom infrastructure,,,,,,,,,,,,,,,,,,,Female,18–24,Abuja ,Urban,Public,corruption and unprincipled lecturers,String supervision to prevent exam mal practice and switch of people's hard earned scripts in exchange for money. 
1/17/2026 8:45:59,Parent/Guardian,,,,,,,3,3,No,2,Lack of learning materials,"Teacher with good intentions, more learning tools ",,,,,,,,,,,,,Female,25–34,Anambra ,Semi-Urban,Private,"Teacher are not being paid well and the learning materials are not being updated,.","They should employ qualified teachers, pay them well and provide teaching and learning tools "
1/17/2026 9:39:30,Student,2,2,3,2,3,High school fees,,,,,,,,,,,,,,,,,,,Male,25–34,Lagos,Semi-Urban,Public,The curriculum,"That the curriculum is simplified to include trade and talent acquisition. Not everyone going to school is talented to be in academics. Let the curriculum include sport, trade just as it’s welcoming entrepreneurship "
1/17/2026 9:44:22,Student,3,2,2,3,4,Lack of teachers,,,,,,,,,,,,,,,,,,,Female,25–34,Abuja,Urban,Private,There are no adequate facilities and conducive environment.,Support for teachers should be encouraged.
1/17/2026 9:44:58,Teacher,,,,,,,,,,,,,3,4,3,2,Inadequate pay,More access to update schemes and increase in payment ,,,,,,,Male,25–34,Abia State ,Rural,Private,Lack of support from the federal government like to public schools ,Let a board be put together that we go around the rural area and see the condition of the school and make donations and contributions to it
1/17/2026 9:46:21,Student,4,1,2,2,3,Shortage of textbooks/materials,,,,,,,,,,,,,,,,,,,Female,18–24,Niger,Semi-Urban,Federal Government School,Poor infrastructures,More investment in the educational sector 
1/17/2026 9:48:17,Student,3,2,4,3,2,Poor classroom infrastructure,,,,,,,,,,,,,,,,,,,Female,18–24,Ebonyi State ,Rural,Federal Government School,Poor learning facilities is the biggest problem facing the Nigerian education system especially a federal government school setting.,"I would recommend that the education sector be looked into, and they provide necessary materials and facilities needed to enhance learning."
1/17/2026 9:51:03,Student,3,2,2,1,3,High school fees,,,,,,,,,,,,,,,,,,,Male,25–34,Lagos,Semi-Urban,Federal Government School,"Some irrelevant/unnecessary curriculum, unreasonably High school fee, Bad learning enviroment ",Leaders who values Education 
1/17/2026 10:03:11,Student,3,2,2,3,2,Lack of teachers,,,,,,,,,,,,,,,,,,,Male,25–34,Nasarawa ,Semi-Urban,Public,Lack of qualified teachers and inadequate funding ,Sensitise the teachers teaching ethics and the government should improve the school infrastructure and environment to hence learning 
1/17/2026 10:09:28,Student,3,3,4,2,2,Shortage of textbooks/materials,,,,,,,,,,,,,,,,,,,Male,18–24,Enugu,Urban,Public,Poor payment to teachers thereby leading to unseriousness of the teachers and lastly the student will suffer the impact ,Teacher's security and encouragement
1/17/2026 10:13:20,Parent/Guardian,,,,,,,3,3,No,2,Overcrowded classrooms,Learning facilities ,,,,,,,,,,,,,Male,45–54,Enugu,Urban,Mission School,Policies,"Good policies and improvement of the public schools. 
Also good welfare packages for the teachers"
1/17/2026 10:15:19,Teacher,,,,,,,,,,,,,4,3,2,2,Lack of materials,Improvement in the psyco motor domian of the learning process. Materials and IT programs should be instituted in the educational system ,,,,,,,Female,25–34,Abuja ,Urban,Federal Government School,"Poor curriculum, poor teachings aids, teachers upgrades programme e.g workshops and retreats,  disciplines,  no supports from the government, IT ",1. The system for training teachers should be upgraded. 2. Improvement in the practical aspect of education to enhance creativity.  3. Learning environment should be improved to enhance learning. 4. Curriculum should have an impact in the life of learners and enhance their cognitive and effective domain. 5. IT programmes should be massively looked into in the education system
1/17/2026 10:22:04,Student,4,2,3,4,2,Shortage of textbooks/materials,,,,,,,,,,,,,,,,,,,Male,18–24,Ebnyi,Urban,Public,For me I will say that the biggest challenge facing the Nigerian education today is that the leaders are the top always think about their own interest instead of interest of the public and funds that are made for Academic Resources and materials are usually channeled other places living education ignored teachers and stuff of academic institution are paid poorly which makes education uninterested to them as their job making them to go about other businesses instead of being at school ,I will recommend that the national level in charge of education in Nigeria should focus mainly on their duty this buzzing funds that are meant for education to it institution certain nap is strong supervisory committee that we oversee it and monitor activities around academic institutions with out partiality and there should also make education to be seen as a right instead of instead of privilege by creating scholarships that will formed students in their academics life 
1/17/2026 10:25:39,Parent/Guardian,,,,,,,3,3,Yes,2,Lack of learning materials,Enough learning materials.,,,,,,,,,,,,,Male,45–54,Enugu,Urban,Public,Government don't care on their welfare ,We need government attention to improve more.
1/17/2026 10:39:29,Parent/Guardian,,,,,,,3,2,No,3,Other,"Government should do more by renovating public schools, provide good infrastructure, pay teachers well and other good things. ",,,,,,,,,,,,,Male,35–44,Cross River,Urban,Private,"Nigeria’s education system faces serious challenges that limit its effectiveness, especially low literacy levels, poor learning outcomes, and unequal access to quality education, made worse by insecurity and inadequate funding.","To solve the major problems in Nigeria’s education system, national reforms should focus on better funding, improved infrastructure, equal access to education, and stronger accountability."
1/17/2026 10:41:49,Student,1,1,5,5,5,Poor classroom infrastructure,,,,,,,,,,,,,,,,,,,Male,25–34,Kwara,Urban,Public,"Teachers conduct, poor learning environments ",Renovation of public schools to meet certain standards. Employ qualified teachers and regulate teachers to student conduct 
1/17/2026 10:48:39,Teacher,,,,,,,,,,,,,3,2,3,2,Inadequate pay,"Teacher's are under paid thereby giving them little or no motivation to do their work 
",,,,,,,Female,25–34,Cross river state ,Urban,Private,High level of school Fess and no learning materials ,A suitable learning environment 
1/17/2026 10:57:26,Parent/Guardian,,,,,,,3,3,No,2,Poor infrastructure,Better infrastructure and better teaching aids,,,,,,,,,,,,,Male,35–44,Enugu,Urban,Private,Absence of modern infrastructures required to prepare our students to be globally acceptable ,An increase in the allocation to education from the annual budget. An overhaul of the current teaching style and practices. A policy should be passed mandating better payment for teachers so as to motivate them. 
1/17/2026 11:01:25,Student,3,2,5,4,5,High school fees,,,,,,,,,,,,,,,,,,,Female,18–24,Abia,Urban,Private,Funding and salary payments for teachers.. incompetent teachers ,Better salaries 
1/17/2026 11:04:46,Parent/Guardian,,,,,,,3,1,No,3,Poor school management,Effective academic mointoring of teachers and students academic performance ,,,,,,,,,,,,,Female,35–44,Lagos,Urban,Federal Government School,Poor management,Proper supervision and mointoring of schools 
1/17/2026 11:15:13,Teacher,,,,,,,,,,,,,2,2,4,1,Other,"Like I'm a corps member serving in the north  in a government school most challenges I get is trying to translate English to hausa because the students don't understand English 98 percent of them. So I think for this to be corrected, it should start from primary school. And for the teachers to be trained in the important of using English to communicate to those children because most of the teachers too are problems because they don't understand English clearly.",,,,,,,Female,25–34,Jigawa State ,Urban,Public,There scheme is not practical to real life,To implement scheme that will be relevant to the student 
1/17/2026 11:20:57,Parent/Guardian,,,,,,,5,4,Yes,2,Poor infrastructure,Able to defend herself confidently not be scared of questions,,,,,,,,,,,,,Female,25–34,Anambra ,Rural,Public,Lack of learning materials and infrastructure ,"To add more effort in sending out supervisors to get informations on how the school, students and teachers are performing "
1/17/2026 11:23:05,Teacher,,,,,,,,,,,,,2,3,2,2,Poor school infrastructure,Availability of audio-visual aids for teaching ,,,,,,,Female,25–34,Benue ,Rural,Private,"The biggest problem facing the Nigerian education system today is chronic underfunding, which leads to inadequate infrastructure, poorly paid teachers, and declining educational quality.","At the national level, Nigeria should significantly increase and transparently manage education funding, prioritize teacher training and welfare, modernize curricula to match labor market needs, strengthen monitoring and accountability, and invest in school infrastructure and digital learning nationwide."
1/17/2026 11:45:17,Parent/Guardian,,,,,,,2,3,No,1,Other,"Timely Provision of learning materials ; employment of sound competent teachers who know how to effectively teach the subjects and do proper follow up on the students; I wish the school management can effectively follow through with the program they claim to have for struggling students, The school management should put a better system in place to ensure parents are carried along with the progress or challenges of their children while studying and they shouldn't have to wait till mid-term or end of term to find out what's going on with their children's performance; I wish the school could provide adequately fir CBT learning to help the children adapt to the current standard of CBT learning globally. ",,,,,,,,,,,,,Prefer not to say,45–54,Lagos ,Urban,Private,Imperfected and inconsistent educational policy and poor implementing and monitoring system to ensure execution of Education standards ,"The government should research adequately on a global, the best Education policies,  practices that will equip students to thrive and excel on a global scale. Global standard Internship and practical learning should be incorporated at all level of education. Let's take a cue from Japan and China. Let's put in place policies, practices, and effective supervisory and monitoring systems to ensure the successful implementation of set up global standard education policies and practices. "
1/17/2026 11:45:47,Parent/Guardian,,,,,,,3,3,No,3,Lack of learning materials,"Good infrastructure, effective learning materials, trained and qualified teachers,condusive learning environment, security and child pace learning.",,,,,,,,,,,,,Female,35–44,Abuja,Semi-Urban,Federal Government School,Policies implementation and effective monitoring.,Empathy.
1/17/2026 11:54:36,Student,2,3,2,1,4,Lack of teachers,,,,,,,,,,,,,,,,,,,Male,25–34,Oyo,Urban,Federal Government School,Poor infrastructure and less lecturers,Employing more qualified lecturers and Using Equipments that aren't outdated
1/17/2026 11:58:30,Student,3,1,3,4,2,Poor classroom infrastructure,,,,,,,,,,,,,,,,,,,Male,25–34,Ekiti ,Semi-Urban,Federal Government School,Demoralised Teachers and poor academic environment ,Improve welfare both Teachers and Teaching environment 
1/17/2026 12:12:09,Teacher,,,,,,,,,,,,,2,5,4,5,Lack of materials,Provision of materials for practical aspects ,,,,,,,Male,25–34,Nasarawa State ,Semi-Urban,Private,Lack of materials and infrastructure ,Learning and practical materials should be made accessible for free or for purchase with less cost 
1/17/2026 12:34:52,Student,3,1,3,1,2,High school fees,,,,,,,,,,,,,,,,,,,Female,18–24,Abuja,Semi-Urban,Federal Government School,Lack of conducive environment and high school fees ,"Reducing the school, infrastructure and learning material."
1/17/2026 12:51:32,Teacher,,,,,,,,,,,,,5,4,3,4,Lack of materials,tablets or laptops distribution,,,,,,,Male,45–54,FCT,Urban,Private,lack of support of national policy,government intervention to support education
1/17/2026 12:55:29,Student,4,3,3,2,3,Poor classroom infrastructure,,,,,,,,,,,,,,,,,,,Male,25–34,Enugu,Semi-Urban,Federal Government School,Lack of teachers,Good renumeration for teachers
1/17/2026 13:06:34,School Administrator,,,,,,,,,,,,,,,,,,,2,3,5,4,Other,Hands-on training ,Female,18–24,Edo,Urban,Public,Too theoritical for students to actually make impact in the outside world during and after the academic session. ,"Incorporating hands-on and practicals in all school curriculum. Not just SIWES or Entrepreneural training, but hands-on experience in all courses administered in schools. "
1/17/2026 13:10:15,Parent/Guardian,,,,,,,4,4,No,4,Other,The restroom area is poorly maintained. I want them to keep the toilets clean at all times so that the children will not contract infections while using the toilets.,,,,,,,,,,,,,Female,25–34,Enugu,Urban,Mission School,Poor maintenance and lack of well trained teachers.  Teachers are not paid well too,"To improve the public schools and maintain them, employ more teachers for the public schools to"
1/17/2026 13:35:26,Student,3,4,4,3,4,High school fees,,,,,,,,,,,,,,,,,,,Female,25–34,Enugu,Urban,Federal Government School,High school fees and lack of good infrastructure for learning ,"The government should make school fees  more affordable and give scholarships to well deserving students, they should also provide better infrastructures for learning."
1/17/2026 14:02:17,Teacher,,,,,,,,,,,,,5,4,3,4,Inadequate pay,Improvements in teachers payment and adequate student -teacher ratio,,,,,,,Male,25–34,Ebonyi ,Semi-Urban,Mission School,Corruption and inadequate trained teaching professionals,A holistic review of the educational system in Nigeria 
1/17/2026 14:11:28,School Administrator,,,,,,,,,,,,,,,,,,,5,3,1,2,Infrastructure decay,Funding support,Female,35–44,Anambra ,Urban,Federal Government School,Decay Infrastructure and funding support ,To improvise  in providing necessary tools and fund  support  for smooth learning 
1/17/2026 14:26:28,School Administrator,,,,,,,,,,,,,,,,,,,3,3,2,3,Insufficient teachers,Manpower ,Male,35–44,Abia ,Semi-Urban,Private,Parental weaknesses in enforcing discipline ,Academic performance appreciation and encouragement 
1/17/2026 15:00:48,Parent/Guardian,,,,,,,3,2,Yes,3,Lack of learning materials,Increase in availability to f learning materials ,,,,,,,,,,,,,Female,35–44,Ebonyi ,Urban,Federal Government School,"Lack of learning materials,lack of competent teachers, bribery ","Provide the necessary materials, increase the remuneration of teachers to avoid bribery, infrastructure and equipments"
1/17/2026 15:55:40,Student,3,4,3,2,3,Poor classroom infrastructure,,,,,,,,,,,,,,,,,,,Female,18–24,Enugu state,Urban,Federal Government School,"Bigge The biggest problem is poor quality education due to inadequate funding. This leads to poor facilities, unmotivated teachers, outdated teaching methods, and students graduating without the skills needed for real life or employment.","* Increase and properly manage funding for education.
* Improve teachers’ welfare and training.
* Update the curriculum to be skill-based and practical.
* Improve school infrastructure and learning resources.
* Ensure equal access to quality education nationwide."
1/17/2026 15:57:19,Student,4,2,4,1,3,High school fees,,,,,,,,,,,,,,,,,,,Female,25–34,Lagos State ,Urban,Private,"Inadequate Fund. Poor infrastructure, overcrowded classrooms, low salary for teachers. Poor teacher training and welfare. Teacher lacking discipline. Student feeling superior and teacher-student relationships.","Increase funding, teacher training and welfare. Infrastructure development and security measures."
1/17/2026 16:02:55,Parent/Guardian,,,,,,,5,4,No,2,Lack of learning materials,Well equipped with Computers and networking.,,,,,,,,,,,,,Male,Under 18,Enugu State ,Urban,Private,Lack of finances and poor infrastructure. ,Infrastructure and equipment 
1/17/2026 16:16:35,Parent/Guardian,,,,,,,3,4,Yes,2,Poor infrastructure,Learning materials and befitting learning environments ,,,,,,,,,,,,,Female,45–54,Lagos ,Semi-Urban,Private,"Lack dedicated teachers, learning materials like labs for secondary schools for science, art, other students. ",Building new schools with modern learning environments and renovating old ones to meet the standard. Increase teachers salary so they can focus on their jobs.
1/17/2026 16:21:48,Teacher,,,,,,,,,,,,,5,4,3,5,Inadequate pay,I will teach better if the payment is enhanced and if given digital tools for the students sake,,,,,,,Male,25–34,Osun State Osogbo ,Urban,Private,The biggest problem is out dated syllabus and infrastructure.,I will recommend providing good tools and infrastructure including good payment for teachers
1/17/2026 16:47:06,Parent/Guardian,,,,,,,3,4,No,3,Poor school management,Employ competent teachers,,,,,,,,,,,,,Female,25–34,Anambra ,Urban,Private,Government ,Government should fund schools 
1/17/2026 16:47:36,Parent/Guardian,,,,,,,4,4,No,3,Lack of learning materials,"Improved infrastructure 
Adequate learning materials
Qualified Teachers and
Moderate school fees",,,,,,,,,,,,,Male,35–44,Lagos,Semi-Urban,Private,Inadequate infrastructure and learning materials,FG should assist schools with funding especially in Infrastructure and Learning Materials 
1/17/2026 17:02:03,Student,3,4,4,3,3,High school fees,,,,,,,,,,,,,,,,,,,Male,45–54,Akwa Ibom State ,Semi-Urban,Private,Poor learning infrastructures ,Improvement in learning infrastructures and security of the school children.
1/17/2026 17:22:27,Student,3,3,2,3,3,Poor classroom infrastructure,,,,,,,,,,,,,,,,,,,Male,25–34,Edo,Urban,Public,Teachers are not well appreciated and sometimes they don’t give their best to the job,Curriculum should be revised at intervals and teachers and students welfare should be prioritized.
1/17/2026 17:40:39,Parent/Guardian,,,,,,,3,3,No,2,Poor school management,Real life skills ,,,,,,,,,,,,,Female,25–34,Imo state,Semi-Urban,Federal Government School,Examination malpractice every where even for juniors secondary entrance Examination ,Equipping schools before government approval
1/17/2026 18:22:55,Student,4,3,2,1,4,Shortage of textbooks/materials,,,,,,,,,,,,,,,,,,,Female,25–34,Kwara,Semi-Urban,Private,Lack of infrastructures and learning aids,
1/17/2026 20:15:20,Teacher,,,,,,,,,,,,,4,4,4,4,Lack of materials, some equipment for practical need to be upgrade,,,,,,,Female,35–44,Anambra ,Urban,Federal Government School,"We are still in analogy ,education in nigeria need fund and good management  .","We need to reshuffle the people  in charge of education system in nigeria ,they need ti undergo training on mordern teaching,if possible   employ those that have be expose to mordern teaching to work with the old ones,tribalism should be involved in carryout this"
1/17/2026 20:33:22,Student,3,3,3,1,1,High school fees,,,,,,,,,,,,,,,,,,,Male,25–34,Enugu ,Urban,Public,"Funding for school, this makes them lack infrastructure and in turn affect school fees ","Government Should fund the school, good and affordable education is an amenity.
Improvement of infrastructure.
Regular monitoring of how these schools are run..
E-learning should be improves and made accessible to all."
1/17/2026 20:45:11,Student,3,2,4,4,5,Lack of teachers,,,,,,,,,,,,,,,,,,,Female,Under 18,Abuja ,Rural,Mission School,Lack of teaching facilities and focus,"Good teaching facilities, especially facilities for practicals"
1/17/2026 21:16:58,Parent/Guardian,,,,,,,3,4,No,3,Poor school management,They should have more teachers ,,,,,,,,,,,,,Female,25–34,Lagos ,Urban,Public,Hike in school fees.,
1/17/2026 21:47:27,Parent/Guardian,,,,,,,3,2,Yes,2,Poor school management,There should be a proper management ,,,,,,,,,,,,,Female,35–44,Fct,Semi-Urban,Private,Poor administration ,Government should ensure to employ capable and qualified teacher to avoid raising half baked as graduates
1/17/2026 21:55:38,Parent/Guardian,,,,,,,3,3,No,2,Other,Good learning infrastructure and materials and good security ,,,,,,,,,,,,,Male,45–54,Rivers,Semi-Urban,Federal Government School,Mismanagement ,Good learning environment and materials with good security
1/17/2026 22:15:50,Parent/Guardian,,,,,,,3,2,No,1,Poor infrastructure,Recruitment of qualified teachers and good infrastructure ,,,,,,,,,,,,,Male,35–44,Federal Capital Territory ,Semi-Urban,Public,Funding ,Policy that targets application knowledge driven education that matches industry use
1/17/2026 22:27:37,Student,3,5,2,5,1,High school fees,,,,,,,,,,,,,,,,,,,Male,25–34,Anambra ,Urban,Federal Government School,Poor financing ,Welfare of lecturers
1/17/2026 22:32:02,Student,5,3,5,1,5,High school fees,,,,,,,,,,,,,,,,,,,Female,25–34,Anambra ,Urban,Federal Government School,School fees problem and insecurity ,Provide adequate Security 
1/17/2026 23:11:17,Parent/Guardian,,,,,,,1,1,No,1,High fees,"Build more schools closer to the communities.
Provide free or affordable school supplies.
Train and motivate teachers better.
Create more programs for girls and children with disabilities.
Improve school safety and infrastructure.
Raise community awareness on the importance of education.",,,,,,,,,,,,,Male,35–44,Enugu state.,Urban,Public,Poor quality and accessibility of education,"Increase funding for education.
Teacher training and motivation.
Curriculum reform."
1/17/2026 23:49:42,Student,3,3,4,3,4,Other,,,,,,,,,,,,,,,,,,,Female,18–24,Anambra ,Urban,Federal Government School,"For me, The problem with Nigerian education system is the lack of practice. We are taught many things theoretically with little or no practice. In university, we face situations like lecturers telling us to make practice ourselves if we want to be useful.","As long we learn the theory aspects we are also meant to be familiar with the practical aspects. Seeing how things work by our self, especially for less privileged students "
1/18/2026 4:44:20,Parent/Guardian,,,,,,,1,2,No,1,Poor infrastructure,"Creation of good infrastructure conducive for learning. Having blocks of classroom which is the bare minimum is taken as the standard. How conducive is the environment, seats and the classrooms?",,,,,,,,,,,,,Male,35–44,Abia,Semi-Urban,Private,Poor investment by the Federal Government in Education. This neglect is being exploited by the private schools and private universities springing up everywhere and everyday without the requisite infrastructure and academics as well as approvals required ti operate.,Clear policy formulation and investment in STEM education and technical schools should be revived to meet up with the global best practices. 
1/18/2026 5:59:00,Student,2,1,3,4,2,Security issues,,,,,,,,,,,,,,,,,,,Female,18–24,Anambra State ,Urban,Federal Government School,Inadequate classroom and learning materials. Insecurities.,
1/18/2026 6:49:45,Student,2,2,1,1,1,High school fees,,,,,,,,,,,,,,,,,,,Female,25–34,Enugu ,Semi-Urban,Federal Government School,Non access to quality education due to resources ,Quality teachers and Free education 
1/18/2026 8:17:51,Parent/Guardian,,,,,,,4,3,No,4,Poor school management,For the School to employe Guidance and Counselor,,,,,,,,,,,,,Male,35–44,Delta ,Urban,Mission School,Lack of playground for the pupils/students. Lack of adequate counselors ,"New curriculum, reorientation and retraining of the teachers. Improved salary structure and benefits "
1/18/2026 10:38:21,Student,3,2,3,3,2,Other,,,,,,,,,,,,,,,,,,,Female,18–24,Enugu,Urban,Private,Bad learning equipment,I will recommend improving payment of the teachers
1/18/2026 15:16:47,Parent/Guardian,,,,,,,4,5,No,4,Other,I would like to see more practical training and exposure to things/activities that can prepare them towards real life,,,,,,,,,,,,,Female,35–44,Ondo,Semi-Urban,Private,"We teach students what to know, not how to do. There is theory without practice, graduation without placement, hence an ducation without employment.",That entrepreneurial and practical training be included in school curriculums
1/18/2026 17:18:06,Student,3,1,2,1,1,Long distance to school,,,,,,,,,,,,,,,,,,,Female,18–24,Enugu State,Semi-Urban,Federal Government School,School curriculum ,School curriculum 
1/18/2026 18:14:41,Student,3,2,3,4,4,Lack of teachers,,,,,,,,,,,,,,,,,,,Male,25–34,Enugu ,Semi-Urban,Public,Lack of unqualified teachers for most public schools.,Candidates for teaching positions should be screened well before employing.
1/18/2026 19:26:11,Student,5,5,5,4,3,Long distance to school,,,,,,,,,,,,,,,,,,,Female,25–34,Enugu,Semi-Urban,Federal Government School,Overcrowded stidents,Availability of more teachers 
1/18/2026 20:39:31,Parent/Guardian,,,,,,,4,4,Yes,3,Lack of learning materials,Employment of younger vibrant teachers ,,,,,,,,,,,,,Female,Under 18,Ebonyi ,Semi-Urban,Private,Teachers are mostly elder women which makes learning boring for kids,More improved learning curriculum to include skills and creativity 
1/18/2026 20:52:27,Student,2,1,3,2,2,Lack of teachers,,,,,,,,,,,,,,,,,,,Female,Under 18,Anambra state,Rural,Federal Government School,Lack of quality teachers ,To be able to give job opportunities to qualified teachers and to be able to pay them well so they can teach whole heartedly 
1/19/2026 3:31:16,Teacher,,,,,,,,,,,,,4,3,3,3,Poor school infrastructure,Provision of more teaching aids and learning infrastructures,,,,,,,Male,45–54,Edo,Urban,Federal Government School,Poor infrastructural development in schools,Government should increase fundung of educational budget and strong monitoring of it's implementation 
1/19/2026 8:24:21,Teacher,,,,,,,,,,,,,4,5,4,5,Inadequate pay,Raising my pay to at least 150k and reducing the workload.,,,,,,,Female,25–34,Cross River ,Urban,Private,Lack of trained teachers and inadequate payment ,Teacher's and the head of other professions. They should be paid well.
1/19/2026 8:39:12,School Administrator,,,,,,,,,,,,,,,,,,,4,3,3,4,Insufficient teachers,Quality teachers,Female,25–34,Edo state,Urban,Private,The curriculum!!! It is hardly revised to suit what is globally revolving ,That the curriculum all over the country be same and revised at least every term. They should also set up learning workshops for the teachers to keep them abreast of changes in the educational sector 
1/19/2026 9:30:32,Parent/Guardian,,,,,,,3,3,Yes,4,Poor infrastructure,Good infrastructure and good teachers,,,,,,,,,,,,,Male,35–44,Abuja,Urban,Public,"Poor management, poor infrastructure and good teachers","The Government should overhaul the school system, provide good infrastructure and good management in our schools "
1/19/2026 9:43:14,Student,4,3,4,3,3,Shortage of textbooks/materials,,,,,,,,,,,,,,,,,,,Male,18–24,Enugu ,Urban,Federal Government School,The cost of education ,Implement a policy that will defend the poor masses and relieve them of cost of education 
1/19/2026 9:55:53,Student,3,3,4,3,4,Lack of teachers,,,,,,,,,,,,,,,,,,,Male,25–34,Rivers state ,Urban,Private,Financial crisis and lack of infrastructure in the rural area ,"Federal government should see to the infrastructure of school, hire qualified teachers and encourage free education systems ."
1/19/2026 9:58:14,School Administrator,,,,,,,,,,,,,,,,,,,4,3,5,3,Infrastructure decay,Infrastructure ,Female,25–34,Anambra ,Urban,Federal Government School,"Security,overcrowded, lack of discipline ","Proper supervision, decongestion of classrooms,supply of infrastructural materials "
1/19/2026 10:52:41,Parent/Guardian,,,,,,,3,2,Yes,1,Poor infrastructure,Better Infrastructure,,,,,,,,,,,,,Male,35–44,Edo,Urban,Public,Lack of Infrastructure,Infrastructure development
1/19/2026 12:16:31,Parent/Guardian,,,,,,,5,5,Yes,4,Poor school management,"Provision of interactive learning materials like smartboard, JC Visions, etc",,,,,,,,,,,,,Male,35–44,Nasarawa ,Urban,Private,"Insecurity, poor Policies and poor teachers renumeration","Improve security for schools, good policies involving all stakeholders and good renumeration for teachers"
1/19/2026 14:38:22,Student,4,3,3,4,4,Poor classroom infrastructure,,,,,,,,,,,,,,,,,,,Male,18–24,ENUGU,Semi-Urban,Mission School,"Poor Quality of Teachers. Or better still, teachers not been taken care of by their employers which inadvertently is what they project on the students.  Then there is a case of mentality which is better teachers with better mentality will project that to the students.","Improving teachers and simply not employing persons who just want to pass time teaching. It's more like employing any graduate to perform the duties of a doctor simply because a doctor is not available. Teachers are that important. 

So, by Improving the Teachers and teaching conditions there will be an improvement on the students. This I think is a good place to start."
1/19/2026 18:38:18,Student,4,2,4,1,3,High school fees,,,,,,,,,,,,,,,,,,,Female,18–24,FCT Abuja,Rural,Private,High cost of living ,Cost of living should be looked at
1/20/2026 8:04:32,Student,4,3,4,3,3,Lack of teachers,,,,,,,,,,,,,,,,,,,Female,18–24,Lagos state ,Urban,Public,Much load work for the teachers.,Teaches should not be given too much subjects or courses to teach.
1/20/2026 8:05:30,Student,4,2,3,2,2,Poor classroom infrastructure,,,,,,,,,,,,,,,,,,,Male,35–44,"Federal Capital Territory, Abuja",Semi-Urban,Public,"Poor infrastructure, poor payment to teachers. Irrelevant subjects ","Government should invest in teachers training and pay them handsomely. Review the curriculum, build and repair dilapidated schools/classrooms "
1/20/2026 8:23:21,Student,4,3,3,2,3,Bullying,,,,,,,,,,,,,,,,,,,Female,Under 18,Edo,Urban,Public,Poor resources. Student finish school without being taught a large percentage of the things their counterparts in high end schools are taught,Well packed curriculum and teachers who will teach it.
1/20/2026 11:47:00,Student,2,1,3,1,2,High school fees,,,,,,,,,,,,,,,,,,,Female,18–24,Enugu ,Semi-Urban,Federal Government School,Overloading of students into the schools with little infrastructure to cater for them. ,"Either the infrastructure is improved, new one is built or the admission of more students is reduced "
1/20/2026 11:50:46,Student,1,1,3,1,2,High school fees,,,,,,,,,,,,,,,,,,,Female,18–24,Enugu ,Semi-Urban,Federal Government School,Admitting of more students and les infrastructure to cater for them. ,Infrastructure should be improved or don't admit more students 
1/20/2026 17:52:32,Student,3,2,2,2,2,Poor classroom infrastructure,,,,,,,,,,,,,,,,,,,Male,25–34,Akwa Ibom ,Urban,Federal Government School,Poor classroom infrastructure and lack of modern learning materials ,"Introduction of innovation that would enhance learning, especially technology driven to help Nigerian students have similar opportunity as is obtainable in civilized countries. This would help in invention and help to hatch new ideas for progress."
1/20/2026 18:57:30,Parent/Guardian,,,,,,,1,3,Yes,3,Poor infrastructure,Better curriculum teachers and extracurricular activities ,,,,,,,,,,,,,Female,25–34,Abuja,Urban,Private,Quality of education ,
1/20/2026 20:06:46,Student,3,1,3,3,4,Poor classroom infrastructure,,,,,,,,,,,,,,,,,,,Female,18–24,Rivers State ,Urban,Federal Government School,"High cost, lack of water, electricity, textbooks and materials ","Reduction of fees, provision of water, electricity 24/7, textbooks and materials "
1/21/2026 11:34:05,Parent/Guardian,,,,,,,4,4,No,3,High fees,More learning materials ,,,,,,,,,,,,,Female,25–34,Abia state ,Urban,Private,Not much school materials ,Increament on stipend payments to teachers and provide more items for teachers and students use
1/21/2026 12:34:08,Student,2,1,4,2,3,Poor classroom infrastructure,,,,,,,,,,,,,,,,,,,Female,Under 18,Kogi ,Semi-Urban,Federal Government School,Lack of classroom ,Teaching equipment and labs 
1/21/2026 14:48:10,Student,3,3,4,2,3,High school fees,,,,,,,,,,,,,,,,,,,Female,25–34,Lagos,Urban,Federal Government School,Lack of facilities and teachers to commit.,Educational system 
1/21/2026 18:14:02,Student,3,2,3,2,2,Long distance to school,,,,,,,,,,,,,,,,,,,Female,18–24,Anambra ,Semi-Urban,Federal Government School,"The teachers don’t explain well. And the prices of things in schools or near the schools is very high we are students we barely have enough after we’ve spent on transport and feeding. Basically everything from transport to feeeding is really expensive whether it be outside the school, near it or in it ","Students should have discounts 
Things near students area should have lower price range 
There should be more fans or ac because the weather is really hot and we are much in a classroom
School infrastructure should be maintained 
There should be dustbin trucks and people should be hired to take care of the trash in every building "
1/21/2026 19:11:27,Student,3,4,4,3,3,High school fees,,,,,,,,,,,,,,,,,,,Female,25–34,Anambra ,Semi-Urban,Public,"Poor infrastructure, outdated curriculum and shortage of qualified teachers.","The curriculum should be updated, government should increase education funding and improve teachers training and welfare."
1/21/2026 20:56:46,Parent/Guardian,,,,,,,3,3,Yes,3,Other,Quality teachers,,,,,,,,,,,,,Female,35–44,Anambra ,Urban,Public,Out dated curriculum ,"Up date the curriculum, add other current digital courses, train teachers on every level "
1/21/2026 21:25:37,Parent/Guardian,,,,,,,3,3,No,4,Poor infrastructure,The infrastructures should be improved. ,,,,,,,,,,,,,Female,25–34,Ebonyi state ,Semi-Urban,Private,Poor infrastructure and management ,I recommend that the school infrastructure should be better and the school management should become more efficient in their job. 
1/21/2026 21:57:50,Student,3,3,4,3,2,Lack of teachers,,,,,,,,,,,,,,,,,,,Male,25–34,Rivers ,Urban,Private,Funding ,Funding 
1/21/2026 22:04:06,Student,3,3,3,3,4,High school fees,,,,,,,,,,,,,,,,,,,Female,25–34,Lagos,Semi-Urban,Private,Too much theory with less practical.,Change in the mode of teaching. More practicals needed
1/21/2026 22:11:38,Parent/Guardian,,,,,,,4,4,Yes,4,Overcrowded classrooms,"I would want class rooms to be increased in the school, learning materials should be made available, tight security should be provided as well following the recent insecurity challenges in the country ",,,,,,,,,,,,,Female,35–44,Niger,Semi-Urban,Private,Insecurity is the biggest challenge the schools in Nigeria are facing ,Government in Nigeria can secure schools so let them secure the lives of our children in schools.
1/22/2026 2:02:34,Student,3,2,5,2,2,High school fees,,,,,,,,,,,,,,,,,,,Female,18–24,Enugu,Urban,Public,Lack of teachers and high school fees,Scholarships and conducive environment for learning 
1/22/2026 9:48:53,Student,4,4,4,3,3,High school fees,,,,,,,,,,,,,,,,,,,Male,25–34,Cross River ,Urban,Public,Quality of teachers and High Tuition fee,High renumeration for teachers
1/22/2026 10:19:34,Parent/Guardian,,,,,,,2,3,No,2,Lack of learning materials,Adequate learning materials and Teachers commitment,,,,,,,,,,,,,Male,45–54,Anambra,Urban,Mission School,outdated curriculum and lack of professional teachers,Curriculum should be structured to meet up with the current tech innovations and Training of professional teachers.
1/22/2026 10:59:02,Parent/Guardian,,,,,,,3,3,No,4,Lack of learning materials,A school where kids can choose what they want to be and will be taught in that field ,,,,,,,,,,,,,Female,18–24,Lagos,Urban,Private,Poor funding ,Every course should be taught right from Primary School. Too much courses or subjects should not be allowed.
1/22/2026 11:16:23,Student,4,3,3,3,2,Poor classroom infrastructure,,,,,,,,,,,,,,,,,,,Male,25–34,Abuja,Urban,Federal Government School,Strike actions,They should always pay workers on time
1/24/2026 16:17:15,Student,2,2,2,1,1,High school fees,,,,,,,,,,,,,,,,,,,Female,25–34,Oyo ,Urban,Federal Government School,Lack of materials and qualified lecturers with adequate skills to teach. ,Channel more on educational system to help the future generations. 
1/24/2026 16:27:49,Student,2,1,1,5,1,Lack of teachers,,,,,,,,,,,,,,,,,,,Female,18–24,Enugu ,Rural,Public,Lack of trained teachers and poor teaching environment ,Employment of trained teachers that value the future of their student.
1/24/2026 16:30:38,Student,4,3,4,2,3,High school fees,,,,,,,,,,,,,,,,,,,Male,25–34,Ebonyi ,Urban,Public,"Lack of research materials, high cost of school fees, distance and insecurity.","Subsiding and/or slashing the school fees, provide security in and around the school, improved learning environment,"
1/24/2026 16:59:06,Student,3,2,3,2,3,Poor classroom infrastructure,,,,,,,,,,,,,,,,,,,Male,18–24,Enugu,Semi-Urban,Public,Lack of proper Teachers in the Educational system,
1/24/2026 17:22:44,Student,2,1,1,2,2,Shortage of textbooks/materials,,,,,,,,,,,,,,,,,,,Male,25–34,Enugu ,Rural,Public,Teaching with outdated curriculum ,"The whole educational system should be reviewed and add relevant courses and subject 
"
1/24/2026 17:54:07,Teacher,,,,,,,,,,,,,5,3,3,3,Poor administrative support,"Provision of teaching materials, infrastructure, tech gadgets, condusive learning environment, text books",,,,,,,Female,55+,Lagos,Urban,Public,"Poor educational facilities, inexperienced teachers, poor staff welfare, lack of teachers","tech based education, equip schools with good educational facilities, enforce the 65 years and 40 years retirement policy to have knowledgeable and experienced teachers instead of young and inexperienced graduates parading schools. "
1/24/2026 18:07:37,Student,4,4,4,3,2,High school fees,,,,,,,,,,,,,,,,,,,Female,18–24,Enugu ,Semi-Urban,Federal Government School,Cost of education and lack of professional tutors ,Good educators 
1/24/2026 18:17:35,Parent/Guardian,,,,,,,2,2,Yes,4,Security issues,"To brilliant and be a solution provider to his country Nigeria, state and community.",,,,,,,,,,,,,Male,35–44,Enugu,Urban,Private,Poor salary and un qualified teachers.,Good salary for teachers and let the government employ teachers with experience.
1/24/2026 18:25:04,Parent/Guardian,,,,,,,2,4,No,3,Poor school management,"The school administration should look into their staff welfare, teachers are changed almost every term and many of them are part teachers and pupils get to stagger from one teacher to another and there’s just no stability. There should be extracurricular activities too bringing wholesome training to the wards ",,,,,,,,,,,,,Female,25–34,Abia,Urban,Private,School has become a business and not the training ground it was designed to be ,"Teachers should be prioritized as this is a very noble profession, public and private schools should be well equipped and extracurricular activities including skill acquisitions made compulsory "
1/24/2026 18:33:16,Student,4,1,1,1,1,Poor classroom infrastructure,,,,,,,,,,,,,,,,,,,Female,25–34,Enugu ,Semi-Urban,Public,"Lack of qualified teachers, infrastructure and the curriculum does solve the Nigeria problems ",Opposite of what I stated above 
1/24/2026 19:05:29,Parent/Guardian,,,,,,,5,5,No,4,High fees,Good education background ,,,,,,,,,,,,,Male,35–44,Enugu ,Urban,Public,High fees ,Free Education 
1/24/2026 19:19:23,Teacher,,,,,,,,,,,,,5,5,5,5,Poor school infrastructure,Infrastructure,,,,,,,Female,35–44,Enugu ,Urban,Private,Poor teacher renumeration.,Improves teacher salary scale
1/24/2026 19:19:37,Student,3,1,3,2,2,High school fees,,,,,,,,,,,,,,,,,,,Female,25–34,Ebonyi ,Semi-Urban,Federal Government School,"High school fees, lack of suitably qualified teachers and poor infrastructure.","School fees for private owned schools/institutions should be regulated by the federal government, also state and federal owned schools should be subsidized. Teachers should be properly rewarded to encourage more qualified people to go into the profession. Also schools should be standardized with better infrastructure and conducive environment for learning."
1/24/2026 20:08:51,Parent/Guardian,,,,,,,2,1,No,1,Poor school management,Provide teachers who are really good and knows exactly what teaching is  and impacting knowledge is.,,,,,,,,,,,,,Female,25–34,Enugu,Rural,Private,"Politics even in employing teachers people who sell pepper and tomatoes are teachers, people who can even speak good English ",Qualified teachers are needed and payments of their salaries looked into as well 
1/24/2026 20:36:14,Parent/Guardian,,,,,,,4,5,No,3,Lack of learning materials,Teaching them skills not just books,,,,,,,,,,,,,Female,25–34,Anambra ,Urban,Public,Outdated curriculum,"Reform curriculum, increase education funding and most importantly teachers training "
1/24/2026 22:21:40,Student,4,5,5,4,3,High school fees,,,,,,,,,,,,,,,,,,,Female,25–34,Enugu ,Urban,Public,High school fees,Government should give us free education 
1/25/2026 2:51:21,Parent/Guardian,,,,,,,2,2,No,4,Lack of learning materials,Learning materials provided ,,,,,,,,,,,,,Female,25–34,Enugu,Semi-Urban,Private,high fees,Free education 
1/25/2026 6:01:57,Student,3,2,3,2,2,Poor classroom infrastructure,,,,,,,,,,,,,,,,,,,Female,25–34,Edo ,Rural,Public,"The biggest problem facing the Nigerian education system is poor funding and poor infrastructure, which leads to inadequate facilities, poorly motivated teachers, frequent strikes, and unequal access to quality education","Increase and properly manage funding for education
Improve teacher welfare and provide continuous professional training
Update the curriculum to include practical and digital skills
Build new, safe, and conducive learning infrastructure
Reduce strikes through effective dialogue and stakeholder engagement
Invest more in rural schools to ensure equal access to quality education"
1/25/2026 8:16:30,Student,3,3,5,3,4,Poor classroom infrastructure,,,,,,,,,,,,,,,,,,,Male,18–24,Edo,Urban,Federal Government School,Lack of Adequate funding and transparency ,Improve funding rather than buying luxurious cars for senators and state governors who sit in power doing nothing meaningful.
1/25/2026 14:44:59,Parent/Guardian,,,,,,,5,5,Yes,5,High fees,In writing and reading ,,,,,,,,,,,,,Male,35–44,Enugu State ,Urban,Public,High fees ,Scholarship on poor 
1/25/2026 16:55:07,Student,3,3,3,2,2,High school fees,,,,,,,,,,,,,,,,,,,Male,18–24,Ebonyi State ,Semi-Urban,Private,Incomplete laboratory materials ,All equipment complete 
1/25/2026 18:30:30,Student,1,1,2,1,2,High school fees,,,,,,,,,,,,,,,,,,,Female,25–34,Delta state ,Semi-Urban,Private,"Poor infrastructure, lack of Qualified teachers, Poor man power, poverty (some individuals cannot afford to pay for school fees), poor curriculum that help learning easier, with a balance of fun and relaxation.","At the national level, the government should increase investment in educational infrastructure by building and renovating schools and providing modern learning facilities. More qualified teachers should be recruited, properly trained, and well motivated through improved salaries and welfare packages. Adequate manpower should be ensured to reduce workload and improve teaching effectiveness. To address poverty, education should be made free or heavily subsidized, with scholarships and financial support for students from low-income families. The national curriculum should be reviewed to make learning practical, engaging, and balanced with fun, creativity, and relaxation."
1/25/2026 20:20:40,Student,5,5,5,5,5,Other,,,,,,,,,,,,,,,,,,,Male,25–34,Enugu ,Urban,Private,They should focus on merit not on connection so knowledge can be passed across according ,Ability to access results easily online and as well certificate instead of going through process that comes with stress
1/25/2026 22:34:47,Student,4,3,4,1,3,Other,,,,,,,,,,,,,,,,,,,Female,35–44,Enugu ,Urban,Public,"Chronic underfunding—leading to poor infrastructure, poorly motivated teachers, outdated curricula, and frequent strikes.","Increase and properly manage education funding, reform teacher training and welfare, update curricula to match modern skills, strengthen accountability, and invest in school infrastructure nationwide"
1/26/2026 8:18:18,Student,4,3,4,2,2,Security issues,,,,,,,,,,,,,,,,,,,Male,25–34,"Edo, Benin city",Urban,Private,"I spent the first 15 years of my life in Lagos, Nigeria and the second 15years of my life in Enugu Nigeria, and I studied at the university of cross rivers state Calabar. In 2017, I was admitted to study statistics and back the issue with the academic institution was security and I am very honest to say that then the education system was great but truly I was the one who was as serious back then as I am now with my studies or learning in general, which is why today I have found a better means of growing myself and career path for the betterment of my future and that’s why I enrolled into the CIPDI program. ","My recommendations at the national level are to provide adequate basic learning environment for students, better security for the students, teachers and academic institutions. "
1/26/2026 8:47:35,Student,3,1,2,2,3,Poor classroom infrastructure,,,,,,,,,,,,,,,,,,,Female,18–24,Lagos,Semi-Urban,Federal Government School,"Lack of quality learning materials for practicals, and high school fees","Schools should be focused on practical aspects of learning not just theories alone, and school fees should be made affordable for people of any class or if possible let free education be on increase."
1/26/2026 9:09:12,Parent/Guardian,,,,,,,5,4,Yes,5,Overcrowded classrooms,Building of more classroom blocks.,,,,,,,,,,,,,Female,25–34,Ondo,Urban,Private,The biggest problem facing the Nigerian education system today is poor quality of education combined with unequal access.,"At the national level, Nigeria needs system-wide reforms that focus on quality, access, and relevance."
1/26/2026 14:43:13,Parent/Guardian,,,,,,,3,2,No,1,High fees,Infrastructural improvement ,,,,,,,,,,,,,Male,35–44,Anambra ,Urban,Federal Government School,Incompetency ,Adequate monitoring of teachers performance 
1/26/2026 15:56:11,Teacher,,,,,,,,,,,,,5,4,5,5,Inadequate pay,Payments,,,,,,,Female,25–34,Enugu,Urban,Mission School,Lack of materials for learning ,Provision of these important materials 
1/26/2026 16:43:16,Parent/Guardian,,,,,,,3,3,No,3,Poor infrastructure,SPONSORSHIP OF FREE EDUCATION ,,,,,,,,,,,,,Male,25–34,LAGOS,Urban,Mission School,INFRASTRUCTURAL PROBLEM AND COSTLY FEE ,SPONSORSHIP OF FREE EDUCATION AND SCHOLARSHIP 
1/26/2026 16:45:00,Student,3,2,3,3,2,Poor classroom infrastructure,,,,,,,,,,,,,,,,,,,Male,25–34,Rivers ,Urban,Federal Government School,Financial problems ,Adequate payment of workers and staff to curb extortion 
1/26/2026 16:48:27,Teacher,,,,,,,,,,,,,3,1,1,1,Lack of training,Provision leaning material,,,,,,,Male,35–44,Abuja,Semi-Urban,Public,Lack of funds,Good pay or good take home pay
1/26/2026 16:49:05,Parent/Guardian,,,,,,,3,2,No,3,High fees,School fees should be affordable.,,,,,,,,,,,,,Male,45–54,Lagos ,Urban,Private,"In public schools, lack of infrastructures and funding with lack of competent teachers ","Proper education funding, good infrastructures and competent teachers should be provided."
1/26/2026 16:52:46,Student,4,2,3,1,2,Poor classroom infrastructure,,,,,,,,,,,,,,,,,,,Female,18–24,Rivers State,Urban,Public,The Government attitude towards Education fuels the teachers rage and such aggression are passed to students in federal and government school ,"I strongly think if Government pays attention to Education then a lot of teachers would come teach happily, if the classrooms and lecture halls are conducive a lot of students would happily come to class 

So Teachers are being paid well and happy
Students are coming to class knowing they won’t be in a hot, crowded classroom 

Price of Textbooks should be reviewed and libraries be updated with latest information "
1/26/2026 16:53:28,Student,4,2,5,1,1,High school fees,,,,,,,,,,,,,,,,,,,Female,18–24,Akwa ibom state ,Semi-Urban,Public,Lack of learning infrastructure and lack of  qualified teacher ,More learning aids should be made available and qualified teachers should be employed into the system.
1/26/2026 17:10:20,Student,5,4,4,2,3,High school fees,,,,,,,,,,,,,,,,,,,Female,25–34,Nasarawa ,Semi-Urban,Federal Government School,Lack of quality teachers ,School should be provided with quality teachers 
1/26/2026 17:11:03,Parent/Guardian,,,,,,,3,3,No,4,High fees,"School fees should be subsidized. Also, learning materials and equipment should be provided adequately so that students can have practical exposure ",,,,,,,,,,,,,Male,35–44,Enugu ,Urban,Federal Government School,Poor funding is the biggest challenge. This stems from the lack of political will by the leadership.,Policies should be enacted to ensure sustainable funding for the education sector.
1/26/2026 18:26:43,Student,5,1,5,4,5,Lack of teachers,,,,,,,,,,,,,,,,,,,Male,18–24,Lagos State,Rural,Public,Poor remuneration and high school fees,Improve in curriculum and in skill modernization 
1/26/2026 18:37:05,Student,5,3,3,4,4,Poor classroom infrastructure,,,,,,,,,,,,,,,,,,,Female,18–24,Anambra,Semi-Urban,Federal Government School,"Lack of educational infrastructure, facilities, tools pertaining to fields especially manufacturing sector, high cost of educational materials(a project can't be self sponsored easily by a student).","Making educational materials cheaper and available, empowerment as well, running workshops at zonal level( where student can learn a high level skill regardless of age and status)"
1/26/2026 19:32:35,Teacher,,,,,,,,,,,,,3,4,3,3,Poor school infrastructure,Use of tech and  AI tools,,,,,,,Female,25–34,Enugu  state ,Urban,Private,"Funds,over loaded  work schedule. ",Build more infrastructure  and  equipment 
1/26/2026 19:33:06,Student,5,5,5,5,5,High school fees,,,,,,,,,,,,,,,,,,,Female,18–24,Eungu state,Rural,Federal Government School,Poor education ,Secondary level 
1/26/2026 22:14:20,Student,3,1,2,1,1,Other,,,,,,,,,,,,,,,,,,,Female,35–44,Delta state ,Urban,Public,unprofitable knowledge ,Education curriculum should be reviewed 
1/27/2026 9:19:21,Student,4,5,3,4,4,High school fees,,,,,,,,,,,,,,,,,,,Male,25–34,Bayelsa,Urban,Federal Government School,The practical aspect of every course of study,"Provide wide access to necessary materials, tools, labs and promote the scheme of studying the relevant subjects to the learning personal in order to create focus on the important matters to their program of study "
1/27/2026 12:22:40,Student,3,2,1,1,3,Other,,,,,,,,,,,,,,,,,,,Male,18–24,Lagos,Urban,Public,Capital to get school materials etc.,Employments 
1/27/2026 20:23:09,Parent/Guardian,,,,,,,3,3,No,2,High fees,"Affordable school fees, adequate security and competent teachers with more commitment to their work.",,,,,,,,,,,,,Female,55+,Enugu.,Urban,Federal Government School,Inadequate security.,"Adequate security, affordable schools fees and adequate incentive to trained teachers to enable them be more committed to their job."
1/29/2026 17:42:56,Student,4,2,3,3,1,Lack of teachers,,,,,,,,,,,,,,,,,,,Male,25–34,Enugu ,Urban,Public,Lack of upgrade ,Change of curriculum 
1/29/2026 17:49:34,Student,3,3,4,3,4,Lack of teachers,,,,,,,,,,,,,,,,,,,Female,18–24,Enugu,Semi-Urban,Mission School,"Teachers, access to books","Availability of teachers and books
Making sure all students are be carried along not only the brilliant ones"
1/29/2026 18:08:08,Student,3,3,2,2,2,Poor classroom infrastructure,,,,,,,,,,,,,,,,,,,Male,18–24,Enugu ,Urban,Public,"The most critical issue is an over-reliance on an outdated, theory-heavy curriculum. Currently, our system prioritizes rote memorization and academic ""box-ticking"" over actual competence. Students are graduating with high grades but lack the practical, real-world skills required to solve local problems or thrive in a modern global economy. We are focusing on the ""what"" while completely ignoring the ""how.""","We need a national shift toward Competency-Based Education (CBE). The government should mandate a higher percentage of practical work across all levels—from primary schools to universities. This includes investing in modern laboratories, vocational workshops, and mandatory industry internships. We must stop teaching subjects in a vacuum and start aligning our syllabus with the current needs of the labor market to ensure graduates are ""job-ready"" on day one."
1/29/2026 18:31:10,Parent/Guardian,,,,,,,3,5,No,3,Poor school management,"I will like to see a school with good management structures,  good infrastructure,  quality learning materials and a tight security system. 
But most importantly,  a school that is affordable for every child cos quality education is the key for a brighter future. ",,,,,,,,,,,,,Female,35–44,OGUN STATE ,Rural,Private,Nigerian education system is not well structured.  It lacks proper infrastructure and it is not affordable to the average Nigerian citizen ,Education in Nigeria should be prioritised when setting national budget and it should be affordable for very citizens 
1/29/2026 18:32:52,Student,3,1,1,2,3,High school fees,,,,,,,,,,,,,,,,,,,Female,25–34,Akwa Ibom,Urban,Federal Government School,Lack of funds ,Reduction in fees
1/29/2026 18:33:43,Student,3,3,3,3,3,Long distance to school,,,,,,,,,,,,,,,,,,,Male,18–24,Adamawa state ,Semi-Urban,Federal Government School,The challenges the faces is this the don't settle down to educate students more on practical aspects but rather theoretically and then the pit fear into students instead of encouraging them telling them the would fail them in high institutions also school is very demanding it's more of debit debit and debit ,"More focus on practical things, transportation, people who would encourage students and see the graduate with flying colors less of teachers abusing students and also corruption in the educational system "
1/29/2026 18:37:40,Student,5,5,5,2,3,High school fees,,,,,,,,,,,,,,,,,,,Female,25–34,Enugu ,Urban,Federal Government School,Finance ,To empower youth in leaning a skills 
1/29/2026 18:38:55,Student,4,4,4,4,4,High school fees,,,,,,,,,,,,,,,,,,,Male,18–24,Enugu,Urban,Private,Poor infrastructures ,Enough qualified teachers and a conducive place for learning 
1/29/2026 18:41:01,Student,5,5,5,5,5,Other,,,,,,,,,,,,,,,,,,,Male,25–34,lagos,Urban,Public,lack of proper learning environment,good learning environment
1/29/2026 18:43:22,Teacher,,,,,,,,,,,,,3,3,1,2,Lack of materials,Providing adequate materials ,,,,,,,Female,25–34,Enugu ,Semi-Urban,Private,Lack of adequate materials ,To provided adequate materials to make teaching easy and understandable 
1/29/2026 18:45:29,Student,3,3,1,1,1,High school fees,,,,,,,,,,,,,,,,,,,Female,18–24,Abuja,Urban,Federal Government School,Poor learning environment and lack of qualified teachers ,Create a conducive learning environment 
1/29/2026 18:46:30,Student,3,3,1,3,3,Long distance to school,,,,,,,,,,,,,,,,,,,Male,35–44,Kwara ,Rural,Private,Lack of training equipment ,Government should improve on more practical equipment 
1/29/2026 18:50:56,Student,3,4,4,4,4,Lack of teachers,,,,,,,,,,,,,,,,,,,Male,25–34,Lagos ,Semi-Urban,Public,Lack of qualified teachers ,"“Greater transparency, accountability in governance, and stronger institutions would significantly improve national development and public trust."
1/29/2026 18:51:43,Student,3,3,3,3,2,Poor classroom infrastructure,,,,,,,,,,,,,,,,,,,Male,35–44,Enugu,Urban,Public,Poor learning Infrastructures and Poor teacher welfare,Heavy investment on education infrastructures and Improved teacher welfare
1/29/2026 19:21:04,Student,3,2,2,4,4,Poor classroom infrastructure,,,,,,,,,,,,,,,,,,,Male,25–34,Lagos,Urban,Public,Too much theory abd less practical lessons,
1/29/2026 19:23:51,Student,2,2,2,5,3,Poor classroom infrastructure,,,,,,,,,,,,,,,,,,,Male,25–34,Lagos,Urban,Public,"Less relevancy in curriculum, and teaching students how to become workers and not business owners",
1/29/2026 19:24:21,Student,3,2,2,4,3,Other,,,,,,,,,,,,,,,,,,,Female,18–24,Akwa Ibom ,Urban,Federal Government School,Lack of conducive infrastructural structures ,Government should make provisions for conducive environments for learning especially for federal government schools.
1/29/2026 19:35:24,Parent/Guardian,,,,,,,3,3,No,4,Poor school management,I want to see the employment of good hands by the school management and not every year new teacher syndrome due to resignation. The high teachers attrition rate affects both learning and bonding of the children thereby.,,,,,,,,,,,,,Male,45–54,Lagos ,Urban,Private,"One of the many problems facing the Nigerian education system is severe underfunding and mismanagement, resulting in poor teacher welfare, lack of learning materials etc.  Additionally, the scarcity of trained educators, exacerbated by diminished morale and subpar working conditions, profoundly affects learning outcomes","Revamp the national curriculum to focus on practical, research-based skills and offer regular training and competitive pay for educators.

Then implement transparent processes, ensure timely release of funds and combat corruption that has eaten deep into the system."
1/29/2026 19:41:31,Student,2,3,3,1,1,Shortage of textbooks/materials,,,,,,,,,,,,,,,,,,,Female,18–24,Lagos State ,Urban,Federal Government School,"The Nigerian education system needs to do a lot of work, starting from Tuition fee. Tuition fee literally increases every session which is not advisable or fair to the average parents/family and will be very hard for NELFUND to disburse as much as possible to the university. 2. Provisions of Accomodations: this is something that almost all Nigerian student face which need to be attended to, Lots of Students stay very far away from the school that are studying some are new students (Freshers) yet the school authorities refuses to provide accomodations for students and still bring up strict yet unfair and cruel rule for accommodating one another. 3. Lack of Conducive Environment and Provisions of School Amenities (this is as bad as anything, Bad chairs, tables, No fan, No Projector for lectures). 4. SECURITY 5. EMOTIONLESS LECTURERS",The government should provide a solution based on all our complaint. I'm sure they know what to do. 
1/29/2026 19:54:30,Student,2,1,2,2,2,Poor classroom infrastructure,,,,,,,,,,,,,,,,,,,Female,18–24,Oyo,Urban,Public,Infrastructure and human capacity problem ,A systemic change focused on improving academic infrastructure and amenities and also building human capacity in teachers and lecturers 
1/29/2026 20:20:04,Parent/Guardian,,,,,,,3,1,No,3,Other,Qualified teachers who have passion for their job.,,,,,,,,,,,,,Female,35–44,Lagos ,Semi-Urban,Private,Staffing is a major challenge. Most people doing teaching jobs here are doing it so as not to be idle.,They should make teaching jobs more attractive by paying them well and improving welfare benefits 
1/29/2026 20:55:26,Parent/Guardian,,,,,,,3,3,No,5,High fees,Lesser school fees ,,,,,,,,,,,,,Male,35–44,Kwara,Semi-Urban,Private,Outdated Curricular and affordability ,Education subsidy across board and to revamp the Curricular point towards usable skills 
1/29/2026 21:04:10,Student,3,1,4,1,2,High school fees,,,,,,,,,,,,,,,,,,,Male,25–34,Lagos,Urban,Public,Security issues,Free education 
1/29/2026 22:07:35,Parent/Guardian,,,,,,,4,3,Yes,4,Poor infrastructure,More conducive learning environment,,,,,,,,,,,,,Female,25–34,Abia,Urban,Federal Government School,Lack of competent teachers and good learning materials and envelope,Employ competent teachers. Improve Learning environments
1/30/2026 4:33:20,Student,3,2,3,2,2,Long distance to school,,,,,,,,,,,,,,,,,,,Male,18–24,Akwa Ibom ,Semi-Urban,Public,Insecurity ,Change of Government 
1/30/2026 7:50:31,Student,4,4,4,2,2,High school fees,,,,,,,,,,,,,,,,,,,Female,25–34,Ibadan,Urban,Public,"Low learning outcomes ie, students pass exams but lack practical skills","By expanding access and equity, by, Supporting rural schools, girl child education, and learners with disabilities."
1/30/2026 9:13:52,Parent/Guardian,,,,,,,4,4,Yes,4,Poor school management,"Extracurricular opportunities like; clubs, sports teams, arts programs, or other activities that help children develop interests and social skills beyond academics.",,,,,,,,,,,,,Female,25–34,Enugu State,Urban,Private,Security concerns.,"Improve security and stability by working with security agencies to protect schools in conflict affected areas. This might include physical security measures, safe school initiatives, and addressing the root causes of insecurity that disrupt education."
1/30/2026 9:18:52,Teacher,,,,,,,,,,,,,5,4,3,4,Inadequate pay,"The pay should be in commiserate with the workload, this would enhance the eagerness to impact. ",,,,,,,Female,25–34,Anambra,Semi-Urban,Private,"The problem of students not eager to learn, most distracted with social media and the teachers' salaries are not encouraging creating room for poor zeal to work. ",Improve teachers' salaries and organize workshop for students on the need to study. 
1/30/2026 11:57:59,Student,1,1,3,1,3,Poor classroom infrastructure,,,,,,,,,,,,,,,,,,,Male,18–24,ENUGU STATE,Urban,Federal Government School,Unqualified teachers and poor learning environments,"Improve their recruitment process, let the old ones retire and invest in school infrastructure "
1/30/2026 15:44:48,Student,5,3,5,4,4,Poor classroom infrastructure,,,,,,,,,,,,,,,,,,,Female,18–24,Anambra State ,Urban,Federal Government School,"Lack of good and qualified teachers, and also lack of a conducive environment for learning..","*Employment of qualified teachers base on merit and not through favoritism.
*Provision of conducive environment for learning.
*Provision of textbooks and other learning materials for students, to be sold at a cheaper rate.
*Reduction of unnecessary school fees increment.
"
1/30/2026 21:41:35,Teacher,,,,,,,,,,,,,4,2,3,1,Lack of training,"Occasional training, seminars, workshops, and introductions to digital tools can further foster the teaching and learning process ",,,,,,,Female,35–44,Lagos State ,Urban,Private,"Some of the biggest problems facing the Nigerian educational system include poor infrastructure, an unconducive learning environment, and a theory-focused learning curriculum, rather than a balanced one (including practical ones that give room for all-around development and also create employable skills)","If the problems stated above are addressed, the problems facing the Nigerian educational system would be about 90 percent resolved. "
1/31/2026 21:37:07,Student,5,5,5,2,5,Long distance to school,,,,,,,,,,,,,,,,,,,Female,25–34,Anambra ,Semi-Urban,Federal Government School,High cost of school fees ,Providing scholarship for students 
2/11/2026 14:02:09,Parent/Guardian,,,,,,,2,2,Yes,3,Poor infrastructure,I would like to see suspension infrastructures and quality teachers with cool environment of learning and they know so including skill that the 21st century need for the growth of our new nation like tach skills ,,,,,,,,,,,,,Male,25–34,Lagos State ,Urban,Private,The major problem we have in this educational sector is lack of maintenance of school facilities and they're not so proper environment for children to learn and again getting the the getting this substantial curriculum to teach the children that does not have value to our Nations we are rather training workers rather than training innovation,Retrain staff and rearrange curriculum 
2/17/2026 18:52:53,Student,4,4,5,3,3,High school fees,,,,,,,,,,,,,,,,,,,Male,25–34,Ebonyi ,Urban,Private,"No practical, more focus on book work ",More practical and access to companies for I. T programs
2/17/2026 18:55:16,Student,4,1,3,1,1,High school fees,,,,,,,,,,,,,,,,,,,Male,25–34,Benin City ,Semi-Urban,Public,"Management, corruption and brain drain. ","Proper monitoring, better welfare for teachers and students. "
2/17/2026 18:58:38,Parent/Guardian,,,,,,,3,3,No,2,High fees,"Reduction in the fees, the school fees are much, including the materials needed for the kids to study ",,,,,,,,,,,,,Female,35–44,Anambra ,Semi-Urban,Public,"High rate of school fees and materials, inadequate facilities ","Provision of good facilities to this schools in  the country, provision of good environment for the government schools. If the government schools are well equipped, parents won't be bothered much sending the children to private schools where they pay higher school fees"
2/17/2026 19:02:25,Parent/Guardian,,,,,,,4,4,Yes,3,Overcrowded classrooms,Less number of students in a class,,,,,,,,,,,,,Male,45–54,Enugu,Urban,Mission School,"Lack of proper Management, Lack of funding, Teachers not well take care of",Priority should be given to education and not to politicize it
2/17/2026 19:05:34,School Administrator,,,,,,,,,,,,,,,,,,,3,3,3,3,Other,Financial support ,Male,35–44,Umuahia ,Semi-Urban,Public,Bad policy ,Good policy 
2/17/2026 19:05:36,Teacher,,,,,,,,,,,,,1,1,1,1,Inadequate pay,"Proper pay, high infrastructure, digital tools etc",,,,,,,Female,25–34,Delta state,Urban,Public,"Poor infrastructures, lack of adequate equipments and dedicated teachers",Higher pay for teachers to attract quality teachers
2/17/2026 19:05:59,Student,3,3,3,2,2,Long distance to school,,,,,,,,,,,,,,,,,,,Male,18–24,Lagos,Semi-Urban,Federal Government School, irrelevant courses of study and outdated  curriculums ,"Maybe try to review courses being taught in Nigerian universities and evaluate them based on relevance and try to infuse more relevant in demand courses and model effective curriculums that would reveal and expose all that a student needs to excel in their choice of profession,  more practical, less theory … more hands on practices "
2/17/2026 19:09:01,Student,3,3,3,4,3,High school fees,,,,,,,,,,,,,,,,,,,Female,25–34,Imo,Rural,Mission School,Lack of qualified teachers and learning facilities ,I recommend that there should be employment of qualified teachers and provision of learning facilities in schools. 
2/17/2026 19:09:19,Student,4,2,3,3,3,Lack of teachers,,,,,,,,,,,,,,,,,,,Male,25–34,Enugu ,Rural,Public,"Basic education is lacking in village all over Nigeria, some school don't have enough teacher and structure. ",For my place in ihuokpara there can be any private basic education it will be off great help. 
2/17/2026 19:11:41,Teacher,,,,,,,,,,,,,3,2,2,2,Heavy workload,"Better teaching resources, improved learning infrastructures and salary upscaling.",,,,,,,Male,25–34,Delta State,Urban,Private,Value collapse and under value of the teaching profession.,Curriculum upgrad and better condition of service for teachers.
2/17/2026 19:14:52,Student,5,4,4,3,3,Long distance to school,,,,,,,,,,,,,,,,,,,Male,25–34,PLATEAU STATE,Urban,Federal Government School,SCHOOL FEES,LOOK INTO EDUCATIONAL BUDGET
2/17/2026 19:16:35,Student,2,4,2,1,5,High school fees,,,,,,,,,,,,,,,,,,,Male,18–24,Anambra ,Urban,Private,High school fees,
2/17/2026 19:17:36,Student,3,3,2,1,2,Shortage of textbooks/materials,,,,,,,,,,,,,,,,,,,Male,25–34,Enugu,Semi-Urban,Public,The county factor,More funding should go into education just like the way they fund their political seat
2/17/2026 19:22:11,Student,5,5,5,3,3,Poor classroom infrastructure,,,,,,,,,,,,,,,,,,,Female,25–34,OGUN State,Urban,Public,Lack of facilities in most public institutions ,"Appropriate funds should be allocated for schools for quality infrastructure, equipments. "
2/17/2026 19:26:02,Student,3,2,3,1,4,High school fees,,,,,,,,,,,,,,,,,,,Male,18–24,Akwa Ibom ,Semi-Urban,Federal Government School,"The biggest problem facing the education system in Nigeria today is lack of hands-on training for students. As a student of Computer Engineering, I see the struggle we go through to reconcile theory with practical. It's always a hassle to understand system circuitry, codes etc if we don't have the capacity to apply them. School should make hands-on training part of the curriculum not just on paper. ","At the national level, I would recommend improvements in infrastructure in schools, hiring of competent teachers, provision of a curriculum that focuses more on technical and skills training rather than theoretical knowledge."
2/17/2026 19:42:38,Student,5,5,3,1,2,High school fees,,,,,,,,,,,,,,,,,,,Female,25–34,Cross River ,Urban,Public,Lack of infrastructure ,Adequate provisions of learning materials/equipment and payment of high fees for teachers 
2/17/2026 19:44:27,Student,4,5,5,2,4,Long distance to school,,,,,,,,,,,,,,,,,,,Female,25–34,Anambra ,Urban,Private,High cost of school fee and textbooks ,Making scholarship available for students from poor background
2/17/2026 19:47:15,Student,4,4,5,2,3,High school fees,,,,,,,,,,,,,,,,,,,Male,25–34,Oyo state ,Semi-Urban,Federal Government School,High school fees and access to materials for learning ,Reduce of goods fees and give of scholarship to the poor
2/17/2026 20:08:48,Teacher,,,,,,,,,,,,,1,1,1,3,Inadequate pay,"As a science teacher, well equipped laboratory for effective science practical. Digital tools to facilitate learning in the classroom.",,,,,,,Male,35–44,Ogun,Urban,Private,Examination malpractice ,"1. Qualified teachers are employed 
2. Examination malpractice should be totally eradicated 
3. Teacher's salary should be reviewed 
4. Establishment of electronic  libraries "
2/17/2026 20:12:55,Student,5,4,5,5,5,High school fees,,,,,,,,,,,,,,,,,,,Female,25–34,Lagos,Urban,Public,"The problem facing Nigerian education now is that it's becoming a thing masses cannot afford, and besides the discipline and the teachings are not standard as before ","The tuition fees at all levels should be affordable to masses, and the standard should be improved. "
2/17/2026 20:16:08,Student,4,3,4,5,5,Poor classroom infrastructure,,,,,,,,,,,,,,,,,,,Female,18–24,Abuja ,Rural,Public,Acute lack of adequate funding.,Shifting focus towards skill based education.
2/17/2026 20:54:39,Student,4,4,4,4,5,Other,,,,,,,,,,,,,,,,,,,Female,25–34,Kogi ,Semi-Urban,Private,Outdated curriculum ,Improving the curriculum to world standards 
2/17/2026 20:56:28,Teacher,,,,,,,,,,,,,4,2,2,2,Poor school infrastructure,Adequate funding and standard to education sector ,,,,,,,Male,45–54,Enugu,Semi-Urban,Mission School,"Lack of funding, none standardization and poverty on the mas population ",Change in government policy to education 
2/17/2026 21:20:54,Student,2,1,3,3,2,Long distance to school,,,,,,,,,,,,,,,,,,,Male,18–24,Rivers State,Urban,Federal Government School,"backward curriculum, poor teaching process, and lack of proper infrastructure",improvement of learning process and the ciriculum
2/17/2026 21:31:14,Student,5,4,5,4,5,Other,,,,,,,,,,,,,,,,,,,Female,25–34,Lagos state,Semi-Urban,Federal Government School,Educators going on strike,"Educators salaries paid as at when due, affordable fees"
2/17/2026 21:40:35,Student,3,1,2,2,2,Poor classroom infrastructure,,,,,,,,,,,,,,,,,,,Female,18–24,Anambra State ,Semi-Urban,Federal Government School,"Lack of infrastructure,high cost of education and needed books","As a university undergraduate, lecturers should pls stop using us as their ATM . incentive should come freely and from willing students too
Government should pay our lecturers to motivate them to lecture us in the right way. They keep venting their frustration on us student and it's getting really hard for us.
"
2/17/2026 21:41:56,Teacher,,,,,,,,,,,,,3,3,3,3,Poor administrative support,Adequate technological facilities,,,,,,,Female,25–34,Edo,Semi-Urban,Federal Government School,"Lack of basic infrastructure, adequate teaching material, low pay of teachers  and lack of qualified teachers.","Increase in payment for teachers, indoctrination of technologies in teaching material "
2/17/2026 22:33:53,Student,3,2,2,2,2,Poor classroom infrastructure,,,,,,,,,,,,,,,,,,,Male,18–24,Oyo state,Urban,Federal Government School,Poor infrastructure / power supply ,Stable power supply 
2/17/2026 23:09:57,Student,4,3,2,2,2,Poor classroom infrastructure,,,,,,,,,,,,,,,,,,,Male,35–44,Ebonyi ,Urban,Public,Outdated curriculum ,Curriculum restructuring 
2/17/2026 23:17:09,Parent/Guardian,,,,,,,4,3,No,3,Poor infrastructure,Infrastructure improvement and access to more learning materials,,,,,,,,,,,,,Female,25–34,Abia State,Urban,Federal Government School,Laziness on the side of teachers and lack of learning materials,Let them look out for teachers that are truly competent and devoted
2/18/2026 1:10:22,Student,4,5,4,5,5,Other,,,,,,,,,,,,,,,,,,,Female,18–24,Enugu,Urban,Private,Light/electricity  issue,The Government should try to improve
2/18/2026 7:55:54,Student,4,2,3,4,4,Poor classroom infrastructure,,,,,,,,,,,,,,,,,,,Female,25–34,Edo state ,Urban,Private,Poor management and low budget ,The government should give in-depth attention to the education sector.
2/18/2026 8:53:14,Student,3,4,5,1,2,High school fees,,,,,,,,,,,,,,,,,,,Female,Under 18,Akwa Ibom ,Semi-Urban,Private,High school fees with poor salaries to teachers. ,"Increase government school standards so that those who can't afford private schools can switch to government schools with confidence. Also, government-owned tertiary institutions are too expensive to afford. "
2/18/2026 15:48:48,Parent/Guardian,,,,,,,3,3,Yes,2,Poor infrastructure,"Good quality infrastructure,  qualified teachers ",,,,,,,,,,,,,Female,45–54,Enugu ,Urban,Private,Lack of funding ,"Adequate funding, good renumeration for teachers "
2/18/2026 16:42:15,Teacher,,,,,,,,,,,,,2,2,2,1,Lack of training,"The requisite training 
Updated curriculum to focus more on digital knowledge 
Improved salary structure 
Infrastructural Development of learning centres
",,,,,,,Male,35–44,Plateau ,Rural,Federal Government School,Dilapidated facility and poor remuneration for teachers ,"Improve salary structure will go a long way in motivating teachers, also training and retraining of teachers, and infrastructure should be put in place with modern facilities and Internet to make learning and teaching easy"
2/18/2026 17:19:50,Student,4,5,5,4,5,Poor classroom infrastructure,,,,,,,,,,,,,,,,,,,Female,25–34,Anambra,Urban,Federal Government School,"The biggest problem facing the Nigerian education system today is poor infrastructure. Many schools lack the basic facilities like well equipped library, restroom, clean water, electricity and so on. This makes the learning environment to pose as a challenge to the students. ",They should provide the necessary infrastructures that improves the learning conditions. 
2/18/2026 20:42:05,Student,2,2,3,2,2,Other,,,,,,,,,,,,,,,,,,,Male,25–34,ENUGU ,Urban,Federal Government School,"Lack of qualified Teacher whom are committed to teach, poor wages, and lack of curriculum that matches Employers in demand skills","Curriculum revised to meet international standard and Employers demand skills, outlined means of tracking the quality of tutors and quality of knowledge they transmit to student and improve wages for tutor also our politicians and government office holders should have a mandatory policy where their kids attend the same government schools in the country that would ensure our educational systems will never be neglected by them."
2/19/2026 9:42:02,Parent/Guardian,,,,,,,4,4,Yes,3,Poor infrastructure,"Good infrastructure, good learning environment and good recreational facilities.",,,,,,,,,,,,,Male,45–54,Enugu ,Semi-Urban,Public,Government insincerity and indifference.,"1. Electing a President that is very much interested in education.
2. Making education free and accessible up to Senior Secondary school.
3. Appointment of a qualified and detribalised Minister of education."
2/23/2026 11:23:40,Parent/Guardian,,,,,,,3,3,No,3,High fees,The school should make school fees affordable and also with textbooks. ,,,,,,,,,,,,,Female,25–34,Akwa ibom ,Urban,Private,High cost of textbooks and textbooks not been used by other siblings. ,Government should make the textbooks affordable. 
2/23/2026 15:29:08,Parent/Guardian,,,,,,,2,2,Yes,2,Lack of learning materials,Provide more learning materials my child,,,,,,,,,,,,,Male,25–34,Akwa ibom,Semi-Urban,Public,Unskilled teacher and insufficient materials for learning.,Trained more teacher and provide more learning materials for kids.